<?xml version="1.0" encoding="UTF-8"?>
<faces-config
    xmlns="http://xmlns.jcp.org/xml/ns/javaee"
    xmlns:xsi="http://www.w3.org/2001/XMLSchema-instance"
    xsi:schemaLocation="http://xmlns.jcp.org/xml/ns/javaee http://xmlns.jcp.org/xml/ns/javaee/web-facesconfig_2_2.xsd"
    version="2.2">
	<navigation-rule>
		<display-name>employeeDBForm.xhtml</display-name>
		<from-view-id>/employeeDBForm.xhtml</from-view-id>
		<navigation-case>
			
			<from-outcome>abc</from-outcome>
			<to-view-id>/employeeDBForm.xhtml</to-view-id>
			<redirect />
		</navigation-case>
	</navigation-rule>

</faces-config>
