<?xml version="1.0" encoding="UTF-8"?>
<faces-config
    xmlns="http://xmlns.jcp.org/xml/ns/javaee"
    xmlns:xsi="http://www.w3.org/2001/XMLSchema-instance"
    xsi:schemaLocation="http://xmlns.jcp.org/xml/ns/javaee http://xmlns.jcp.org/xml/ns/javaee/web-facesconfig_2_2.xsd"
    version="2.2">
	<managed-bean>
		<managed-bean-name>loginBean</managed-bean-name>
		<managed-bean-class>com.yash.training.tms.bean.LoginBean</managed-bean-class>
		<managed-bean-scope>session</managed-bean-scope>
	</managed-bean>
	<managed-bean>
		<managed-bean-name>registration</managed-bean-name>
		<managed-bean-class>com.yash.training.tms.bean.Registration</managed-bean-class>
		<managed-bean-scope>request</managed-bean-scope>
	</managed-bean>
	<managed-bean>
		<managed-bean-name>courseBean</managed-bean-name>
		<managed-bean-class>com.yash.training.tms.bean.CourseBean</managed-bean-class>
		<managed-bean-scope>session</managed-bean-scope>
	</managed-bean>
	<navigation-rule>
		<display-name>login.xhtml</display-name>
		<from-view-id>/login.xhtml</from-view-id>
		<navigation-case>
			<from-outcome>success</from-outcome>
			<to-view-id>/dashboard.xhtml</to-view-id>
		</navigation-case>
	</navigation-rule>

</faces-config>
