<?xml version="1.0" encoding="UTF-8"?>
<faces-config
    xmlns="http://xmlns.jcp.org/xml/ns/javaee"
    xmlns:xsi="http://www.w3.org/2001/XMLSchema-instance"
    xsi:schemaLocation="http://xmlns.jcp.org/xml/ns/javaee http://xmlns.jcp.org/xml/ns/javaee/web-facesconfig_2_2.xsd"
    version="2.2">
	<navigation-rule>
		<display-name>Login.xhtml</display-name>
		<from-view-id>/Login.xhtml</from-view-id>
		<navigation-case>
			<from-outcome>Login</from-outcome>
			<to-view-id>/Welcome.xhtml</to-view-id>
			<redirect />
		</navigation-case>
	</navigation-rule>
	<navigation-rule>
		<display-name>Login.xhtml</display-name>
		<from-view-id>/Login.xhtml</from-view-id>
		<navigation-case>
			<from-outcome>Error</from-outcome>
			<to-view-id>/Error.xhtml</to-view-id>
			<redirect />
		</navigation-case>
	</navigation-rule>
	<navigation-rule>
		<display-name>RegisterCustomer.xhtml</display-name>
		<from-view-id>/RegisterCustomer.xhtml</from-view-id>
		<navigation-case>
			
			<from-outcome>Error</from-outcome>
			<to-view-id>/Error.xhtml</to-view-id>
			<redirect />
		</navigation-case>
	</navigation-rule>
	<navigation-rule>
		<display-name>Login.xhtml</display-name>
		<from-view-id>/Login.xhtml</from-view-id>
		<navigation-case>
			<from-outcome>register</from-outcome>
			<to-view-id>/RegisterCustomer.xhtml</to-view-id>
			<redirect />
		</navigation-case>
	</navigation-rule>

</faces-config>
